Image,prompt,en_prompt
1.png,"一位戴眼镜穿绿色衬衫的男讲解员站在桌后。他左手拿着一只银色充电宝,右手拿着一根黑色数据线。他把数据线插入充电宝,然后把双手伸向镜头展示连接处。接着他收回双手,拔下数据线,伸手向右把充电宝放到画面外。最后他右手拿着断开的数据线,一边说话一边用它做手势。镜头始终保持静止，固定机位拍摄，全程无任何镜头切换或画面切换。","A male demonstrator wearing glasses and a green shirt stands behind a desk. He holds a silver power bank in his left hand and a black cable in his right hand. He plugs the cable into the power bank, then brings his hands forward toward the camera to display the connection point. He then retracts his hands, unplugs the cable, and reaches to his right to place the power bank off-camera. Finally, he holds the disconnected cable in his right hand and gestures with it while speaking. The camera remains completely static throughout, shot from a fixed position with no cuts, no shot changes, and no scene transitions."
2.png,"一位女士坐着,手中持着一把梨形琴身的弹拨乐器。她的左手按在乐器琴颈上部,右手在琴身下方拨弹琴弦。她保持稳定的坐姿,目光直视镜头。接近结尾时,她嘴唇微张像是在对镜头说话,手指仍在弦上做拨弹的动作。镜头始终保持静止，固定机位拍摄，全程无任何镜头切换或画面切换。","A woman sits holding a pear-shaped stringed instrument. Her left hand rests on the upper part of the instrument's neck while her right hand strums the strings near the base. She maintains a steady posture, looking directly at the camera. Towards the end of the sequence, she opens her mouth as if speaking or singing. The camera remains completely static throughout, shot from a fixed position with no cuts, no shot changes, and no scene transitions."
3.png,一名女性模特站在镜头前，双手举起一件带毛领的棕色皮夹克展示给镜头，边讲解边直视镜头，偶尔转头向右上方，轻微调整持衣姿势。镜头始终保持静止，固定机位拍摄，全程无任何镜头切换或画面切换。,"A female model stands facing the camera, holding a brown leather jacket with a fur collar. She holds the jacket up with both hands, displaying it to the camera. She speaks while looking directly at the lens, then shifts her gaze upward and to her right. She continues to speak, occasionally moving her head and adjusting her grip on the jacket slightly. The camera remains completely static throughout, shot from a fixed position with no cuts, no shot changes, and no scene transitions."
4.png,一名女性站在桌后，桌上摆放一个手提包，右手持棕色小零钱包，左手打开包口将零钱包放入包内，调整位置后合上包口，全程表情专注平静。镜头始终保持静止，固定机位拍摄，全程无任何镜头切换或画面切换。,"A female stands behind a table with a handbag in front of her. She holds a small brown pouch in her right hand. She moves the pouch towards the handbag, opens the handbag with her left hand, and places the pouch inside. She then adjusts the pouch within the bag and closes the handbag. Throughout the sequence, her facial expression remains neutral and focused on the task. The camera remains completely static throughout, shot from a fixed position with no cuts, no shot changes, and no scene transitions."
5.png,一名女性模特站在镜头前，右手持挂在白色衣架上的粉色连衣裙，左手指向肩部与袖子进行介绍，随后将裙子举至颈部高度展示领口与肩宽，再放回腰部位置。镜头始终保持静止，固定机位拍摄，全程无任何镜头切换或画面切换。,"A female model stands facing the camera holding a pink dress on a white hanger. She uses her right hand to hold the hanger while her left hand gestures towards the dress, pointing at the shoulder and sleeve. She then lifts the dress up to her neck level to display the neckline and shoulder width, and finally lowers the dress back down to her waist level. The camera remains completely static throughout, shot from a fixed position with no cuts, no shot changes, and no scene transitions."
6.png,一名女性站在镜头前，左手持挂有牛仔连衣裙的衣架，右手做圆形手势并指向裙子各处介绍产品特点，表情由平静逐渐转为微笑。镜头始终保持静止，固定机位拍摄，全程无任何镜头切换或画面切换。,"A female stands facing the camera, holding a denim dress on a hanger with her left hand. She gestures towards the dress with her right hand, moving it in a circular motion and then pointing at the dress. Her facial expressions change from neutral to smiling as she interacts with the dress. The camera remains completely static throughout, shot from a fixed position with no cuts, no shot changes, and no scene transitions."
7.png,"一位戴眼镜、身穿红色围裙的女士站在镜头前,双手握住一只红白配色的迷你电煮锅(Mini Cooker)两侧的红色把手。前方桌上摆放着配套的透明玻璃锅盖(带红色提手)和一根黑色电源线,锅盖始终留在桌上未被取用。她最初将锅举至胸前正面展示,接着调整握姿、在不同高度持续展示锅身,期间嘴唇微张像在介绍产品。最后她把锅身向前倾斜,向镜头露出白色锅内,过程中始终保持站立姿态。镜头始终保持静止，固定机位拍摄，全程无任何镜头切换或画面切换。","A female wearing glasses and a red apron stands facing the camera, gripping a red-and-white mini electric cooker (Mini Cooker) by its red side handles with both hands. The matching transparent glass lid (with a red knob) and a black power cord rest on the table in front of her, with the lid remaining on the table throughout. She initially holds the cooker at chest level to display its front, then adjusts her grip and presents the cooker body at different heights while her lips move as she speaks. Finally, she tilts the cooker forward to reveal its white interior to the camera, all while maintaining a standing posture. The camera remains completely static throughout, shot from a fixed position with no cuts, no shot changes, and no scene transitions."
8.png,"一位女模特正面面向镜头,开始涂口红。她用左手把口红膏体靠近嘴唇,右手持口红管身。涂完之后她轻抿双唇以让颜色均匀,然后双手把口红管放低并合上外盖。接着她又旋开口红管,展示口红膏体的颜色,再次合上管盖并双手持握展示在胸前。镜头始终保持静止，固定机位拍摄，全程无任何镜头切换或画面切换。","A female model stands facing the camera, applying lipstick. She uses her left hand to bring the lipstick applicator to her lips and her right hand to hold the lipstick tube. After applying the product, she presses her lips together, then lowers her hands to close the lipstick. She concludes the sequence by turning her head to her left. The camera remains completely static throughout, shot from a fixed position with no cuts, no shot changes, and no scene transitions."
9.png,"一位男模特站在摆满蔬菜的桌后。他左手拿着一个白色泡沫箱,里面装着包装好的蔬菜。最初他抬起右手张开掌心。随后他把右手抬到脸旁,触碰耳朵,然后一边用右手指向箱子一边说话。最后他把右手放下,左手继续稳稳地拿着箱子。镜头始终保持静止，固定机位拍摄，全程无任何镜头切换或画面切换。","The male model stands behind a table filled with vegetables. He holds a white styrofoam box in his left hand, which contains packaged vegetables. Initially, he raises his right hand with an open palm. He then brings his right hand to his face, touches his ear, and gestures towards the box with his right hand while speaking. Finally, he places his right hand down and continues to hold the box steady with his left hand. The camera remains completely static throughout, shot from a fixed position with no cuts, no shot changes, and no scene transitions."
10.png,"一位女主播正面面向镜头,手里拿着一只红色水桶包。她最初用右手抓着包的提带,展示包的正面。接着她双手将包提起以展示结构,然后把提带甩过右肩,斜挎在身上。在展示包的同时,她用左手做手势说话。最后,她用左手调整包在胯部的位置,右手继续握着提带,对镜头微笑。镜头始终保持静止，固定机位拍摄，全程无任何镜头切换或画面切换。","A female presenter stands facing the camera, holding a red bucket bag. She initially holds the bag by its strap with her right hand, displaying the front of the bag. She then lifts the bag with both hands to show its structure, before swinging the strap over her right shoulder to wear it cross-body. As she models the bag, she gestures with her left hand while speaking. Finally, she adjusts the bag's position on her hip with her left hand and continues to hold the strap with her right hand, smiling at the camera. The camera remains completely static throughout, shot from a fixed position with no cuts, no shot changes, and no scene transitions."
11.png,"一位女士正面面向镜头,双手捧着一只带搭扣的红色平底鞋,首先以侧面角度展示。接着她将鞋身旋转,把鞋口朝向镜头,再稍稍前倾展示鞋面开口。最后她把鞋凑近镜头,展示搭扣与鞋面的细节,随后轻轻放回胸前。镜头始终保持静止，固定机位拍摄，全程无任何镜头切换或画面切换。","A female stands facing the camera, holding a red shoe. She initially holds the shoe with both hands near her chest, presenting the side profile. She then rotates the shoe to show the top opening, tilting it slightly forward. Finally, she brings the shoe closer to the camera and uses her right hand to pull the strap on the shoe, demonstrating its flexibility while maintaining eye contact with the lens. The camera remains completely static throughout, shot from a fixed position with no cuts, no shot changes, and no scene transitions."
12.png,"一位女士站在镜头前,右手提着一条挂在夹式衣架上的深蓝色阔腿牛仔裤,裤腿外侧有橙色撞色车线,腰头处带有棕色皮质标牌。她最初稳稳举着衣架,正面展示牛仔裤,接着用左手抓住一侧裤腿,把裤腿向上提起并稍稍向外拉伸,展示阔腿剪裁的宽度。随后她将整条牛仔裤水平地从右向左甩动,使裤腿摆向她的左侧,再扭转衣架让裤身侧向展示。最后她让牛仔裤回到自然下垂状态,左手抬起对镜头做开掌手势继续讲解,整段表情平静。镜头始终保持静止，固定机位拍摄，全程无任何镜头切换或画面切换。","A female stands facing the camera, holding a pair of dark blue wide-leg jeans on a clip hanger with her right hand; the jeans have orange contrast stitching down the outer legs and a brown leather patch on the waistband. She first steadies the hanger to display the front of the jeans, then uses her left hand to grab one of the pant legs, lifting it upward and pulling it slightly outward to display the wide-leg cut. She then swings the entire pair of jeans horizontally from her right to her left, with the legs sweeping to her left side, and twists the hanger to turn the jeans sideways. Finally, she lets the jeans return to hanging vertically and raises her left hand with an open palm gesture toward the camera as she continues to explain. Her facial expression remains calm throughout. The camera remains completely static throughout, shot from a fixed position with no cuts, no shot changes, and no scene transitions."
13.png,"一位女士正面面向镜头,手中拿着一条折叠好的红色围巾。她开始将围巾展开,双手举起以展示三角造型和黑色玫瑰图案。她接着把围巾轻轻抖动让布料自然下垂,然后两手完全张开围巾,揭示完整尺寸。最后她再将围巾折叠回去。镜头始终保持静止，固定机位拍摄，全程无任何镜头切换或画面切换。","A female stands facing the camera, holding a folded red scarf. She begins to unfold the scarf, lifting it with both hands to display its triangular shape and black rose pattern. She then shakes the scarf slightly to let it drape, before holding it wide open in front of her chest to fully reveal the design. Throughout the sequence, she maintains a smile and looks directly at the camera. The camera remains completely static throughout, shot from a fixed position with no cuts, no shot changes, and no scene transitions."
14.png,一名女性模特站在镜头前，双手持一顶迷彩渔夫帽置于胸前，水平旋转展示图案与外形，随后倾斜展示帽檐内侧，全程表情平和，直视镜头。镜头始终保持静止，固定机位拍摄，全程无任何镜头切换或画面切换。,"A female model stands facing the camera, holding a camouflage bucket hat in front of her chest with both hands. She rotates the hat horizontally to display its pattern and shape, then tilts it to show the underside and brim. She maintains a neutral expression throughout, looking directly at the camera. Her body remains stationary, with movement limited to her arms and hands manipulating the hat. The camera remains completely static throughout, shot from a fixed position with no cuts, no shot changes, and no scene transitions."
15.png,"一位女模特正面面向镜头,把一块折叠的棕色图案织物举在胸前。她右手做手势指向织物,然后一边双手托着织物一边将头转向右侧。随后她转回正面,举起左手挥手,继续用右手做手势,同时左手稳稳托着织物。她的表情从说话变化到微笑和专注的神情。镜头始终保持静止，固定机位拍摄，全程无任何镜头切换或画面切换。","A female model stands facing the camera, holding a folded brown patterned fabric in front of her torso. She gestures with her right hand, pointing at the fabric, then turns her head to the right while holding the fabric with both hands. She turns back to the front, raises her left hand to wave, and continues to gesture with her right hand while holding the fabric steady with her left hand. Her facial expressions change from speaking to smiling and looking attentive. The camera remains completely static throughout, shot from a fixed position with no cuts, no shot changes, and no scene transitions."
16.png,一名女性演示一双花卉图案手套，将一只手套套在右侧人台手模上，另一只戴在右手拉伸展示弹性，取下后再将人台上的手套套在手上，全程平静注视镜头。镜头始终保持静止，固定机位拍摄，全程无任何镜头切换或画面切换。,"A female demonstrates a pair of floral-patterned gloves. She holds one glove on a mannequin hand to her right and wears the matching glove on her right hand. She stretches the glove on her right hand to display its elasticity, then removes it and places it on the table to her left. She then puts on the glove that was on the mannequin hand. Throughout the video, she maintains a neutral expression while looking at the camera. The camera remains completely static throughout, shot from a fixed position with no cuts, no shot changes, and no scene transitions."
17.png,"一位男士正面面向镜头,左手拿着一瓶矿泉水。他用右手拧开瓶子的蓝色瓶盖。然后他用左手把瓶子举到嘴边,将瓶身向上倾斜喝水。喝完之后他放下瓶子,再用右手把瓶盖重新拧回瓶身上。他保持目光直视镜头并面带微笑。镜头始终保持静止，固定机位拍摄，全程无任何镜头切换或画面切换。","A male stands facing the camera, holding a water bottle in his left hand. He uses his right hand to unscrew the blue cap of the bottle. He then lifts the bottle to his mouth with his left hand and tilts it upward to drink. His facial expression transitions from neutral to focused as he opens the bottle, and then to a relaxed state as he consumes the liquid. The camera remains completely static throughout, shot from a fixed position with no cuts, no shot changes, and no scene transitions."
18.png,一名女性站在镜头前，手持一件粉色羽绒背心，从低处举起展开展示完整宽度，随后靠近镜头，左手抚摸背心表面展示面料质感，全程与镜头保持眼神接触。镜头始终保持静止，固定机位拍摄，全程无任何镜头切换或画面切换。,"A female stands facing the camera, holding a pink puffer vest. She lifts the vest from a lower position, unfolds it to display its full width, and then brings it close to the camera lens. She runs her left hand over the surface of the vest to demonstrate its texture. Throughout the sequence, she maintains eye contact with the camera. The camera remains completely static throughout, shot from a fixed position with no cuts, no shot changes, and no scene transitions."
19.png,一名女性演示员站在桌后，双手竖持一个深棕色木质茶盘，旋转展示其侧面轮廓，随后向前倾斜露出平面与内部结构，以多角度定格让镜头捕捉茶盘的尺寸与工艺细节。镜头始终保持静止，固定机位拍摄，全程无任何镜头切换或画面切换。,"A female demonstrator stands behind a table and interacts with a dark brown wooden tea tray. She holds the tray vertically with both hands, rotating it to display its side profile. She then tilts the tray forward to reveal its flat surface and internal structure. The demonstrator holds the tray steady at various angles, allowing the camera to capture the object's dimensions and design features. The camera remains completely static throughout, shot from a fixed position with no cuts, no shot changes, and no scene transitions."
20.png,"一位女士双手持着一只铜质大茶壶展示给镜头看。她一边稳稳持住茶壶一边讲解。接着她用右手把壶盖提起来,放在前方的托盘上。随后她将茶壶举高、旋转,让观众看到壶身各个角度。最后她再把壶盖盖回壶上。镜头始终保持静止，固定机位拍摄，全程无任何镜头切换或画面切换。","A female is holding a copper teapot with both hands, presenting it to the camera. She speaks while holding the teapot steady. Next, she uses her right hand to lift the lid off the teapot and places it on the tray in front of her. She then lifts the teapot up and rotates it, allowing viewers to see the body of the teapot from various angles. Throughout the sequence, the female maintains a focused expression and continues to speak. The camera remains completely static throughout, shot from a fixed position with no cuts, no shot changes, and no scene transitions."
